BoardId,MemberId
fdd8f8a8-0d53-4f,19843875-6077-49
bbdd7100-cd10-41,372a9ad5-4952-44
62376bd0-6ecc-4f,d263667b-ea46-4b
fdd8f8a8-0d53-4f,64ed29be-71a0-46
bbdd7100-cd10-41,88b03172-135a-4b
62376bd0-6ecc-4f,88664860-7e36-4b
fdd8f8a8-0d53-4f,2ea98624-82a3-46
bbdd7100-cd10-41,06849b4a-e875-40
62376bd0-6ecc-4f,5d842729-e31d-40
fdd8f8a8-0d53-4f,ab38ad56-b3ab-42
bbdd7100-cd10-41,ab38ad56-b3ab-42
62376bd0-6ecc-4f,2ea98624-82a3-46
62376bd0-6ecc-4f,64ed29be-71a0-46
62376bd0-6ecc-4f,19843875-6077-49
fdd8f8a8-0d53-4f,19843875-6077-49
bbdd7100-cd10-41,372a9ad5-4952-44
62376bd0-6ecc-4f,d263667b-ea46-4b
fdd8f8a8-0d53-4f,64ed29be-71a0-46
bbdd7100-cd10-41,88b03172-135a-4b
62376bd0-6ecc-4f,88664860-7e36-4b
fdd8f8a8-0d53-4f,2ea98624-82a3-46
bbdd7100-cd10-41,06849b4a-e875-40
62376bd0-6ecc-4f,5d842729-e31d-40
fdd8f8a8-0d53-4f,ab38ad56-b3ab-42
bbdd7100-cd10-41,ab38ad56-b3ab-42
62376bd0-6ecc-4f,2ea98624-82a3-46
62376bd0-6ecc-4f,64ed29be-71a0-46
62376bd0-6ecc-4f,19843875-6077-49
