DueDate,ListId
1/20/2018 9:00:00 AM +10:00,b9ec9dee-e742-4d
2/28/2018 9:00:00 AM +10:00,3073d9ee-fbef-48
3/20/2018 9:00:00 AM +10:00,8dda7e83-294f-48
1/25/2018 9:00:00 AM +10:00,ed04c7f0-20e3-48
3/20/2018 9:00:00 AM +10:00,0e72d679-da23-41
6/20/2018 9:00:00 AM +10:00,d0ce1983-dcdf-49
1/20/2018 9:00:00 AM +10:00,ed04c7f0-20e3-48
3/20/2018 9:00:00 AM +10:00,64251244-40f5-45
5/20/2018 9:00:00 AM +10:00,89fd7d40-e284-44
2/20/2018 9:00:00 AM +10:00,3073d9ee-fbef-48
4/20/2018 9:00:00 AM +10:00,42f550ff-724b-49
2/28/2018 9:00:00 AM +10:00,3073d9ee-fbef-48
3/20/2018 9:00:00 AM +10:00,b9ec9dee-e742-4d
3/20/2018 9:00:00 AM +10:00,64251244-40f5-45
1/20/2018 9:00:00 AM +10:00,8dda7e83-294f-48
4/20/2018 9:00:00 AM +10:00,89fd7d40-e284-44
4/20/2018 9:00:00 AM +10:00,b9ec9dee-e742-4d
6/20/2018 9:00:00 AM +10:00,a583557a-3d83-4a
4/20/2018 9:00:00 AM +10:00,d0ce1983-dcdf-49
4/20/2018 9:00:00 AM +10:00,42f550ff-724b-49
3/20/2018 9:00:00 AM +10:00,a583557a-3d83-4a
3/20/2018 9:00:00 AM +10:00,64251244-40f5-45
1/25/2018 9:00:00 AM +10:00,ed04c7f0-20e3-48
2/20/2018 9:00:00 AM +10:00,0e72d679-da23-41
6/20/2018 9:00:00 AM +10:00,a583557a-3d83-4a
1/20/2018 9:00:00 AM +10:00,0e72d679-da23-41
4/20/2018 9:00:00 AM +10:00,42f550ff-724b-49
5/20/2018 9:00:00 AM +10:00,89fd7d40-e284-44
6/20/2018 9:00:00 AM +10:00,d0ce1983-dcdf-49
3/20/2018 9:00:00 AM +10:00,8dda7e83-294f-48
